{
    "$schema": "https://schema.management.azure.com/schemas/2015-01-01/deploymentTemplate.json#",
    "contentVersion": "1.0.0.0",
    "parameters": {
        "workflows_ExportCaseDataforreview_name": {
            "defaultValue": "ExportCaseDataforreview",
            "type": "String"
        },
        "connections_azuremonitorlogs_1_externalid": {
                "defaultValue": "azuremonitorlogs",
          	"type": "String"
        },
        "connections_azuresentinel_3_externalid": {
            "defaultValue": "azuresentinel",
            "type": "String"
        },
        "SentinelWorkspace": {
            "defaultValue": "PROVIDEyourSentinelWorkspace",
            "type": "String"
        },
        "connections_office365_2_externalid": {
            "defaultValue": "office365",
            "type": "String"
        }
    },
    "variables": {},
    "resources": [
        {
            "type": "Microsoft.Logic/workflows",
            "apiVersion": "2017-07-01",
            "name": "[parameters('workflows_ExportCaseDataforreview_name')]",
            "location": "[resourceGroup().location]",
            "properties": {
                "state": "Enabled",
                "definition": {
                    "$schema": "https://schema.management.azure.com/providers/Microsoft.Logic/schemas/2016-06-01/workflowdefinition.json#",
                    "contentVersion": "1.0.0.0",
                    "parameters": {
                        "$connections": {
                            "defaultValue": {},
                            "type": "Object"
                        }
                    },
                    "triggers": {
                        "When_a_response_to_an_Azure_Sentinel_alert_is_triggered": {
                            "type": "ApiConnectionWebhook",
                            "inputs": {
                                "body": {
                                    "callback_url": "@{listCallbackUrl()}"
                                },
                                "host": {
                                    "connection": {
                                        "name": "@parameters('$connections')['azuresentinel']['connectionId']"
                                    }
                                },
                                "path": "/subscribe"
                            }
                        }
                    },
                    "actions": {
                        "Alert_-_Get_incident": {
                            "runAfter": {},
                            "type": "ApiConnection",
                            "inputs": {
                                "host": {
                                    "connection": {
                                        "name": "@parameters('$connections')['azuresentinel_1']['connectionId']"
                                    }
                                },
                                "method": "get",
                                "path": "/Cases/@{encodeURIComponent(triggerBody()?['SystemAlertId'])}/@{encodeURIComponent(triggerBody()?['WorkspaceSubscriptionId'])}/@{encodeURIComponent(triggerBody()?['WorkspaceId'])}/@{encodeURIComponent(triggerBody()?['WorkspaceResourceGroup'])}"
                            }
                        },
                        "Loop_through_returned_alerts": {
                            "foreach": "@body('Parse_entities')",
                            "actions": {
                                "DLP_Incidents_the_Past_7_Days": {
                                    "runAfter": {
                                        "SharePoint_Activities_the_past_7_days": [
                                            "Succeeded"
                                        ]
                                    },
                                    "type": "ApiConnection",
                                    "inputs": {
                                        "body": "O365DLP_CL\n| where SharePointMetaData_From_s contains \"@{items('Loop_through_returned_alerts')['AccountCustomEntity']}\" or ExchangeMetaData_From_s contains \"@{items('Loop_through_returned_alerts')['AccountCustomEntity']}\"\n| where TimeGenerated > now() - 7d",
                                        "host": {
                                            "connection": {
                                                "name": "@parameters('$connections')['azuremonitorlogs_1']['connectionId']"
                                            }
                                        },
                                        "method": "post",
                                        "path": "/visualizeQuery",
                                        "queries": {
					    "resourcegroups": "[resourceGroup().name]",
                                            "resourcename": "[parameters('SentinelWorkspace')]",
                                            "resourcetype": "Log Analytics Workspace",
                                    	    "subscriptions": "[subscription().subscriptionId]",
                                            "timerange": "@{addHours(body('Alert_-_Get_incident')?['properties']?['CreatedTimeUtc'],-5)}..@{body('Alert_-_Get_incident')?['properties']?['CreatedTimeUtc']}",
                                            "visType": "Html Table"
                                        }
                                    }
                                },
                                "Output_for_Exchange_vs_SharePoint": {
                                    "actions": {
                                        "Send_an_email_(V2)_2": {
                                            "runAfter": {
                                                "Visualize_Exchange_and_Teams_for_the_past_7_days": [
                                                    "Succeeded"
                                                ]
                                            },
                                            "type": "ApiConnection",
                                            "inputs": {
                                                "body": {
                                                    "Attachments": [
                                                        {
                                                            "ContentBytes": "@{body('DLP_Incidents_the_Past_7_Days')?['attachmentContent']}",
                                                            "Name": "DLPIncidents_@{items('Loop_through_returned_alerts')['AccountCustomEntity']}.html"
                                                        },
                                                        {
                                                            "ContentBytes": "@{body('SharePoint_Activities_the_past_7_days')?['attachmentContent']}",
                                                            "Name": "SharePointActivity_@{items('Loop_through_returned_alerts')['AccountCustomEntity']}.html"
                                                        },
                                                        {
                                                            "ContentBytes": "@{body('Visualize_Exchange_and_Teams_for_the_past_7_days')?['attachmentContent']}",
                                                            "Name": "ExchangeTeamsActivity_@{items('Loop_through_returned_alerts')['AccountCustomEntity']}.html"
                                                        }
                                                    ],
                                                    "Body": "<p>This is the incident with regards to @{items('Loop_through_returned_alerts')['AccountCustomEntity']} where we detected that the user was sharing @{items('Loop_through_returned_alerts')['Detected']}.</p>",
                                                    "Subject": "@{body('Alert_-_Get_incident')?['properties']?['Description']}  @{triggerBody()?['Severity']}",
                                                    "To": "user@onmicrosoft.com"
                                                },
                                                "host": {
                                                    "connection": {
                                                        "name": "@parameters('$connections')['office365_1']['connectionId']"
                                                    }
                                                },
                                                "method": "post",
                                                "path": "/v2/Mail"
                                            }
                                        },
                                        "Visualize_Exchange_and_Teams_for_the_past_7_days": {
                                            "runAfter": {},
                                            "type": "ApiConnection",
                                            "inputs": {
                                                "body": "OfficeActivity\n| where OfficeWorkload contains \"Exchange\" or OfficeWorkload contains \"Teams\"\n| where TimeGenerated > now() - 7d\n| where UserId contains \"@{items('Loop_through_returned_alerts')['AccountCustomEntity']}\"",
                                                "host": {
                                                    "connection": {
                                                        "name": "@parameters('$connections')['azuremonitorlogs_1']['connectionId']"
                                                    }
                                                },
                                                "method": "post",
                                                "path": "/visualizeQuery",
                                                "queries": {
                                                     "resourcegroups": "[resourceGroup().name]",
                                    		     "resourcename": "[parameters('SentinelWorkspace')]",
                                    		     "resourcetype": "Log Analytics Workspace",
                                    		     "subscriptions": "[subscription().subscriptionId]",
                                                     "timerange": "now() - 7d",
                                                     "visType": "Html Table"
                                                }
                                            }
                                        }
                                    },
                                    "runAfter": {
                                        "DLP_Incidents_the_Past_7_Days": [
                                            "Succeeded"
                                        ]
                                    },
                                    "else": {
                                        "actions": {
                                            "Send_an_email_(V2)": {
                                                "runAfter": {
                                                    "Visualize_activity_around_document": [
                                                        "Succeeded"
                                                    ]
                                                },
                                                "type": "ApiConnection",
                                                "inputs": {
                                                    "body": {
                                                        "Attachments": [
                                                            {
                                                                "ContentBytes": "@{body('DLP_Incidents_the_Past_7_Days')?['attachmentContent']}",
                                                                "Name": "DLPIncidents_@{items('Loop_through_returned_alerts')['AccountCustomEntity']}.html"
                                                            },
                                                            {
                                                                "ContentBytes": "@{body('SharePoint_Activities_the_past_7_days')?['attachmentContent']}",
                                                                "Name": "SharePointActivity_@{items('Loop_through_returned_alerts')['AccountCustomEntity']}.html"
                                                            },
                                                            {
                                                                "ContentBytes": "@{body('Visualize_activity_around_document')?['attachmentContent']}",
                                                                "Name": "DocumentActivity_@{items('Loop_through_returned_alerts')?['FileHashCustomEntity']}.html"
                                                            }
                                                        ],
                                                        "Body": "<p>This is the incident with regards to @{items('Loop_through_returned_alerts')['AccountCustomEntity']} where we detected that the user was sharing @{items('Loop_through_returned_alerts')['Detected']}.<br>\n<br>\n</p>",
                                                        "Subject": "@{body('Alert_-_Get_incident')?['properties']?['Description']}  @{triggerBody()?['Severity']}",
                                                        "To": "user@onmicrosoft.com"
                                                    },
                                                    "host": {
                                                        "connection": {
                                                            "name": "@parameters('$connections')['office365_1']['connectionId']"
                                                        }
                                                    },
                                                    "method": "post",
                                                    "path": "/v2/Mail"
                                                }
                                            },
                                            "Visualize_activity_around_document": {
                                                "runAfter": {},
                                                "type": "ApiConnection",
                                                "inputs": {
                                                    "body": "let document = \"@{items('Loop_through_returned_alerts')?['FileHashCustomEntity']}\";\nlet Office = view () {OfficeActivity\n| where SourceFileName contains document\n| where TimeGenerated > now() - 7d\n| top 100 by SourceFileName\n} ;\nlet DLP =view ()  {O365DLP_CL\n| where SharePointMetaData_FileName_s contains document\n| where TimeGenerated > now() - 7d\n} ;\nunion with_source=Combine Office,DLP",
                                                    "host": {
                                                        "connection": {
                                                            "name": "@parameters('$connections')['azuremonitorlogs_1']['connectionId']"
                                                        }
                                                    },
                                                    "method": "post",
                                                    "path": "/visualizeQuery",
                                                    "queries": {
                                                     	"resourcegroups": "[resourceGroup().name]",
                                    		        "resourcename": "[parameters('SentinelWorkspace')]",
                                    		     	"resourcetype": "Log Analytics Workspace",
                                    		        "subscriptions": "[subscription().subscriptionId]",
                                                        "timerange": "now() - 7d",
                                                        "visType": "Html Table"
                                                    }
                                                }
                                            }
                                        }
                                    },
                                    "expression": {
                                        "and": [
                                            {
                                                "contains": [
                                                    "@items('Loop_through_returned_alerts')?['ExchangeMetaData_To_s']",
                                                    "@"
                                                ]
                                            }
                                        ]
                                    },
                                    "type": "If"
                                },
                                "SharePoint_Activities_the_past_7_days": {
                                    "runAfter": {},
                                    "type": "ApiConnection",
                                    "inputs": {
                                        "body": "OfficeActivity\n| where OfficeWorkload contains \"SharePoint\" or OfficeWorkload contains \"OneDrive\"\n| where TimeGenerated > now() - 7d\n| where UserId contains \"@{items('Loop_through_returned_alerts')['AccountCustomEntity']}\"",
                                        "host": {
                                            "connection": {
                                                "name": "@parameters('$connections')['azuremonitorlogs_1']['connectionId']"
                                            }
                                        },
                                        "method": "post",
                                        "path": "/visualizeQuery",
                                        "queries": {
                                             "resourcegroups": "[resourceGroup().name]",
                                    	     "resourcename": "[parameters('SentinelWorkspace')]",
                                    	     "resourcetype": "Log Analytics Workspace",
                                    	     "subscriptions": "[subscription().subscriptionId]",
                                            "timerange": "Set in query",
                                            "visType": "Html Table"
                                        }
                                    }
                                }
                            },
                            "runAfter": {
                                "Parse_entities": [
                                    "Succeeded"
                                ]
                            },
                            "type": "Foreach"
                        },
                        "Parse_Incident": {
                            "runAfter": {
                                "Alert_-_Get_incident": [
                                    "Succeeded"
                                ]
                            },
                            "type": "ParseJson",
                            "inputs": {
                                "content": "@triggerBody()?['ExtendedProperties']",
                                "schema": {
                                    "Query": {
                                        "type": "string"
                                    }
                                }
                            }
                        },
                        "Parse_Query": {
                            "runAfter": {
                                "Parse_Incident": [
                                    "Succeeded"
                                ]
                            },
                            "type": "ParseJson",
                            "inputs": {
                                "content": "@body('Parse_Incident')",
                                "schema": {
                                    "properties": {
                                        "body": {
                                            "properties": {
                                                "Query": {
                                                    "type": "string"
                                                },
                                                "Query End Time UTC": {
                                                    "type": "string"
                                                },
                                                "Query Period": {
                                                    "type": "string"
                                                },
                                                "Query Results Aggregation Kind": {
                                                    "type": "string"
                                                },
                                                "Query Start Time UTC": {
                                                    "type": "string"
                                                },
                                                "Search Query Results Overall Count": {
                                                    "type": "string"
                                                },
                                                "Trigger Operator": {
                                                    "type": "string"
                                                },
                                                "Trigger Threshold": {
                                                    "type": "string"
                                                }
                                            },
                                            "type": "object"
                                        }
                                    },
                                    "type": "object"
                                }
                            }
                        },
                        "Parse_entities": {
                            "runAfter": {
                                "Return_the_entities_of_the_incident": [
                                    "Succeeded"
                                ]
                            },
                            "type": "ParseJson",
                            "inputs": {
                                "content": "@body('Return_the_entities_of_the_incident')?['value']",
                                "schema": {
                                    "items": {
                                        "properties": {
                                            "AccountCustomEntity": {
                                                "type": "string"
                                            },
                                            "Count": {
                                                "type": "string"
                                            },
                                            "Detected": {
                                                "type": "string"
                                            },
                                            "ExchangeMetaData_To_s": {
                                                "type": "string"
                                            },
                                            "FileHashCustomEntity": {
                                                "type": "string"
                                            },
                                            "SharePointMetaData_From_s": {
                                                "type": "string"
                                            },
                                            "linkoriginal": {
                                                "type": "string"
                                            }
                                        },
                                        "required": [
                                            "AccountCustomEntity",
                                            "Detected",
                                            "linkoriginal"
                                        ],
                                        "type": "object"
                                    },
                                    "type": "array"
                                }
                            }
                        },
                        "Return_the_entities_of_the_incident": {
                            "runAfter": {
                                "Parse_Query": [
                                    "Succeeded"
                                ]
                            },
                            "type": "ApiConnection",
                            "inputs": {
                                "body": "@{body('Parse_Query')?['Query']}| where TimeGenerated  between (datetime(\"@{body('Parse_Query')?['Query Start Time UTC']}\").. datetime(\"@{body('Parse_Query')?['Query End Time UTC']}\"))",
                                "host": {
                                    "connection": {
                                        "name": "@parameters('$connections')['azuremonitorlogs_1']['connectionId']"
                                    }
                                },
                                "method": "post",
                                "path": "/queryData",
                                "queries": {
                                     "resourcegroups": "[resourceGroup().name]",
                      		     "resourcename": "[parameters('SentinelWorkspace')]",
                       		     "resourcetype": "Log Analytics Workspace",
                       		     "subscriptions": "[subscription().subscriptionId]",
                                    "timerange": "@{body('Parse_Query')?['Query Start Time UTC']}..@{body('Parse_Query')?['Query End Time UTC']}"
                                }
                            }
                        }
                    },
                    "outputs": {}
                },
                "parameters": {
                    "$connections": {
                        "value": {
                            "azuremonitorlogs_1": {
                                "connectionId": "[resourceId('Microsoft.Web/connections', parameters('connections_azuremonitorlogs_1_externalid'))]",
                                "connectionName": "AzureMonitor",
                                "id": "[concat('/subscriptions/', subscription().subscriptionId, '/providers/Microsoft.Web/locations/', resourceGroup().location, '/managedApis/azuremonitorlogs')]"
                            },
                            "azuresentinel": {
                                "connectionId": "[resourceId('Microsoft.Web/connections', parameters('connections_azuresentinel_3_externalid'))]",
                                "connectionName": "azuresentinel",
                                "id": "[concat('/subscriptions/', subscription().subscriptionId, '/providers/Microsoft.Web/locations/', resourceGroup().location, '/managedApis/azuresentinel')]"
                            },
                            "azuresentinel_1": {
                                "connectionId": "[resourceId('Microsoft.Web/connections', parameters('connections_azuresentinel_3_externalid'))]",
                                "connectionName": "azuresentinel",
                                "id": "[concat('/subscriptions/', subscription().subscriptionId, '/providers/Microsoft.Web/locations/', resourceGroup().location, '/managedApis/azuresentinel')]"
                            },
                            "office365_1": {
                                "connectionId": "[resourceId('Microsoft.Web/connections', parameters('connections_office365_2_externalid'))]",
                                "connectionName": "office365",
                                "id": "[concat('/subscriptions/', subscription().subscriptionId, '/providers/Microsoft.Web/locations/', resourceGroup().location, '/managedApis/office365')]"
                            }
                        }
                    }
                }
            }
        }
    ]
}