﻿{
    "$schema": "https://schema.management.azure.com/schemas/2015-01-01/deploymentTemplate.json#",
    "contentVersion": "1.0.0.0",
    "parameters": {
        "workflows_NotifyManager_name": {
            "defaultValue": "NotifyManager",
            "type": "String"
        },
        "connections_azuremonitorlogs_1_externalid": {
            "defaultValue": "azuremonitorlogs",
            "type": "String"
        },
        "connections_azuresentinel_3_externalid": {
            "defaultValue": "azuresentinel",
            "type": "String"
        },
        "SentinelWorkspace": {
            "defaultValue": "PROVIDEyourSentinelWorkspace",
            "type": "String"
        },
        "connections_office365_2_externalid": {
            "defaultValue": "office365",
            "type": "String"
        },
      "username": {
        "defaultValue": "eudlpuser@tenant.onmicrosoft.com",
        "type": "String"
        }
    
    },
    "variables": {},
    "resources": [
        

    {
      "type": "Microsoft.Web/connections",
      "apiVersion": "2016-06-01",
      "name": "[parameters('connections_azuremonitorlogs_1_externalid')]",
      "location": "[resourceGroup().location]",
      "properties": {
        "displayName": "[parameters('username')]",
        "customParameterValues": {},
        "api": {
          "id": "[concat('/subscriptions/', subscription().subscriptionId, '/providers/Microsoft.Web/locations/', resourceGroup().location, '/managedApis/azuremonitorlogs')]"
                  
        }
      }
    },

    {
      "type": "Microsoft.Web/connections",
      "apiVersion": "2016-06-01",
      "name": "[parameters('connections_azuresentinel_3_externalid')]",
      "location": "[resourceGroup().location]",
      "properties": {
        "displayName": "[parameters('username')]",
        "customParameterValues": {},
        "api": {
          "id": "[concat('/subscriptions/', subscription().subscriptionId, '/providers/Microsoft.Web/locations/', resourceGroup().location, '/managedApis/azuresentinel')]"
          
        }
      }
    },
    
   {
      "type": "Microsoft.Web/connections",
      "apiVersion": "2016-06-01",
      "name": "[parameters('connections_office365_2_externalid')]",
      "location": "[resourceGroup().location]",
      "properties": {
        "displayName": "[parameters('username')]",
        "customParameterValues": {},
        "api": {
          "id": "[concat('/subscriptions/', subscription().subscriptionId, '/providers/Microsoft.Web/locations/', resourceGroup().location, '/managedApis/office365')]"
          
        }
      }
    },


	{
            "type": "Microsoft.Logic/workflows",
            "apiVersion": "2017-07-01",
            "name": "[parameters('workflows_NotifyManager_name')]",
            "location": "[resourceGroup().location]",
            "properties": {
                "state": "Enabled",
                "definition": {
                    "$schema": "https://schema.management.azure.com/providers/Microsoft.Logic/schemas/2016-06-01/workflowdefinition.json#",
                    "contentVersion": "1.0.0.0",
                    "parameters": {
                        "$connections": {
                            "defaultValue": {},
                            "type": "Object"
                        }
                    },
                    "triggers": {
                        "When_a_response_to_an_Azure_Sentinel_alert_is_triggered": {
                            "type": "ApiConnectionWebhook",
                            "inputs": {
                                "body": {
                                    "callback_url": "@{listCallbackUrl()}"
                                },
                                "host": {
                                    "connection": {
                                        "name": "@parameters('$connections')['azuresentinel_1']['connectionId']"
                                    }
                                },
                                "path": "/subscribe"
                            }
                        }
                    },
                    "actions": {
                        "Alert_-_Get_incident": {
                            "runAfter": {},
                            "type": "ApiConnection",
                            "inputs": {
                                "host": {
                                    "connection": {
                                        "name": "@parameters('$connections')['azuresentinel_1']['connectionId']"
                                    }
                                },
                                "method": "get",
                                "path": "/Cases/@{encodeURIComponent(triggerBody()?['SystemAlertId'])}/@{encodeURIComponent(triggerBody()?['WorkspaceSubscriptionId'])}/@{encodeURIComponent(triggerBody()?['WorkspaceId'])}/@{encodeURIComponent(triggerBody()?['WorkspaceResourceGroup'])}"
                            }
                        },
                        "Approval_flow": {
                            "foreach": "@body('Parse_Entities')",
                            "actions": {
                                "Condition": {
                                    "actions": {
                                        "Add_comment_to_incident_(V3)": {
                                            "runAfter": {},
                                            "type": "ApiConnection",
                                            "inputs": {
                                                "body": {
                                                    "incidentArmId": "@{replace(body('Parse_Incident')?['id'],'Cases','Incidents')}",
                                                    "message": "<p>The Manager has flagged this as a violation to policy. Action required.</p>"
                                                },
                                                "host": {
                                                    "connection": {
                                                        "name": "@parameters('$connections')['azuresentinel_1']['connectionId']"
                                                    }
                                                },
                                                "method": "post",
                                                "path": "/Incidents/Comment"
                                            }
                                        }
                                    },
                                    "runAfter": {
                                        "Send_approval_email": [
                                            "Succeeded"
                                        ]
                                    },
                                    "expression": {
                                        "and": [
                                            {
                                                "equals": [
                                                    "@body('Send_approval_email')?['SelectedOption']",
                                                    "Reject"
                                                ]
                                            }
                                        ]
                                    },
                                    "type": "If"
                                },
                                "Send_approval_email": {
                                    "runAfter": {},
                                    "type": "ApiConnectionWebhook",
                                    "inputs": {
                                        "body": {
                                            "Message": {
                                                "Body": "We have identified that your direct report has violated Policy @{body('Alert_-_Get_incident')?['properties']?['Title']}.\n\nThis case pertains to @{items('Approval_flow')['AccountCustomEntity']} who have shared information with  @{items('Approval_flow')['ExchangeMetaData_To_s']}.\n\n\nThe sensitive information detected contained @{items('Approval_flow')['Detected']} .\n\nDo you have concerns with regards to this action? Or can you approve of the action? If you select reject this will start an investigation.\n\nPlease see https://secure for more information. If you have questions email to @secure",
                                                "HideHTMLMessage": false,
                                                "Importance": "Normal",
                                                "Options": "Approve, Reject",
                                                "ShowHTMLConfirmationDialog": false,
                                                "Subject": "Approval Request of Policy violation",
                                                "To": "@{items('Approval_flow')['manager_s']};jonnords@trey101.com"
                                            },
                                            "NotificationUrl": "@{listCallbackUrl()}"
                                        },
                                        "host": {
                                            "connection": {
                                                "name": "@parameters('$connections')['office365_1']['connectionId']"
                                            }
                                        },
                                        "path": "/approvalmail/$subscriptions"
                                    }
                                }
                            },
                            "runAfter": {
                                "Create_HTML_table": [
                                    "Succeeded"
                                ]
                            },
                            "type": "Foreach"
                        },
                        "Create_HTML_table": {
                            "runAfter": {
                                "Parse_Entities": [
                                    "Succeeded"
                                ]
                            },
                            "type": "Table",
                            "inputs": {
                                "format": "HTML",
                                "from": "@body('Parse_Entities')"
                            }
                        },
                        "Parse_Entities": {
                            "runAfter": {
                                "Run_query_and_list_results": [
                                    "Succeeded"
                                ]
                            },
                            "type": "ParseJson",
                            "inputs": {
                                "content": "@body('Run_query_and_list_results')?['value']",
                                "schema": {
                                    "items": {
                                        "properties": {
                                            "AccountCustomEntity": {
                                                "type": "string"
                                            },
                                            "Detected": {
                                                "type": "string"
                                            },
                                            "ExchangeMetaData_To_s": {
                                                "type": "string"
                                            },
                                            "FileHashCustomEntity": {
                                                "type": "string"
                                            },
                                            "TimeGenerated": {
                                                "type": "string"
                                            },
                                            "linkoriginal": {
                                                "type": "string"
                                            },
                                            "manager_s": {
                                                "type": "string"
                                            }
                                        },
                                        "required": [
                                            "AccountCustomEntity",
                                            "Detected",
                                            "linkoriginal",
                                            "ExchangeMetaData_To_s",
                                            "FileHashCustomEntity",
                                            "TimeGenerated",
                                            "manager_s"
                                        ],
                                        "type": "object"
                                    },
                                    "type": "array"
                                }
                            }
                        },
                        "Parse_Fields": {
                            "runAfter": {
                                "Parse_Incident": [
                                    "Succeeded"
                                ]
                            },
                            "type": "ParseJson",
                            "inputs": {
                                "content": "@triggerBody()?['ExtendedProperties']",
                                "schema": {
                                    "Query": {
                                        "type": "string"
                                    }
                                }
                            }
                        },
                        "Parse_Incident": {
                            "runAfter": {
                                "Alert_-_Get_incident": [
                                    "Succeeded"
                                ]
                            },
                            "type": "ParseJson",
                            "inputs": {
                                "content": "@body('Alert_-_Get_incident')",
                                "schema": {
                                    "properties": {
                                        "body": {
                                            "properties": {
                                                "etag": {
                                                    "type": "string"
                                                },
                                                "id": {
                                                    "type": "string"
                                                },
                                                "kind": {},
                                                "name": {
                                                    "type": "string"
                                                },
                                                "properties": {
                                                    "properties": {
                                                        "AssignedTo": {},
                                                        "CaseNumber": {
                                                            "type": "integer"
                                                        },
                                                        "CloseReason": {},
                                                        "ClosedReasonText": {},
                                                        "CreatedTimeUtc": {
                                                            "type": "string"
                                                        },
                                                        "Description": {
                                                            "type": "string"
                                                        },
                                                        "EndTimeUtc": {
                                                            "type": "string"
                                                        },
                                                        "FirstAlertTimeGenerated": {
                                                            "type": "string"
                                                        },
                                                        "Labels": {
                                                            "type": "array"
                                                        },
                                                        "LastAlertTimeGenerated": {
                                                            "type": "string"
                                                        },
                                                        "LastUpdatedTimeUtc": {
                                                            "type": "string"
                                                        },
                                                        "Metrics": {
                                                            "properties": {
                                                                "SecurityAlert": {
                                                                    "type": "integer"
                                                                }
                                                            },
                                                            "type": "object"
                                                        },
                                                        "RelatedAlertIds": {
                                                            "items": {
                                                                "type": "string"
                                                            },
                                                            "type": "array"
                                                        },
                                                        "Severity": {
                                                            "type": "string"
                                                        },
                                                        "StartTimeUtc": {
                                                            "type": "string"
                                                        },
                                                        "Status": {
                                                            "type": "string"
                                                        },
                                                        "Title": {
                                                            "type": "string"
                                                        }
                                                    },
                                                    "type": "object"
                                                },
                                                "tags": {},
                                                "type": {
                                                    "type": "string"
                                                }
                                            },
                                            "type": "object"
                                        }
                                    },
                                    "type": "object"
                                }
                            }
                        },
                        "Parse_Query": {
                            "runAfter": {
                                "Parse_Fields": [
                                    "Succeeded"
                                ]
                            },
                            "type": "ParseJson",
                            "inputs": {
                                "content": "@body('Parse_Fields')",
                                "schema": {
                                    "properties": {
                                        "body": {
                                            "properties": {
                                                "Analytic Rule Name": {
                                                    "type": "string"
                                                },
                                                "Query": {
                                                    "type": "string"
                                                },
                                                "Query End Time UTC": {
                                                    "type": "string"
                                                },
                                                "Query Period": {
                                                    "type": "string"
                                                },
                                                "Query Results Aggregation Kind": {
                                                    "type": "string"
                                                },
                                                "Query Start Time UTC": {
                                                    "type": "string"
                                                },
                                                "Search Query Results Overall Count": {
                                                    "type": "string"
                                                },
                                                "Trigger Operator": {
                                                    "type": "string"
                                                },
                                                "Trigger Threshold": {
                                                    "type": "string"
                                                }
                                            },
                                            "type": "object"
                                        }
                                    },
                                    "type": "object"
                                }
                            }
                        },
                        "Run_query_and_list_results": {
                            "runAfter": {
                                "Parse_Query": [
                                    "Succeeded"
                                ]
                            },
                            "type": "ApiConnection",
                            "inputs": {
                                "body": "@{body('Parse_Query')?['Query']}",
                                "host": {
                                    "connection": {
                                        "name": "@parameters('$connections')['azuremonitorlogs_1']['connectionId']"
                                    }
                                },
                                "method": "post",
                                "path": "/queryData",
                                "queries": {
                                    "resourcegroups": "[resourceGroup().name]",
                                    "resourcename": "[parameters('SentinelWorkspace')]",
                                    "resourcetype": "Log Analytics Workspace",
                                    "subscriptions": "[subscription().subscriptionId]",
                                    "timerange": "@{body('Parse_Query')?['Query Start Time UTC']}..@{body('Parse_Query')?['Query End Time UTC']}"
                                }
                            }
                        }
                    },
                    "outputs": {}
                },
                "parameters": {
                    "$connections": {
                        "value": {
                            "azuremonitorlogs_1": {
                                "connectionId": "[resourceId('Microsoft.Web/connections', parameters('connections_azuremonitorlogs_1_externalid'))]",
                                "connectionName": "AzureMonitor",
                                "id": "[concat('/subscriptions/', subscription().subscriptionId, '/providers/Microsoft.Web/locations/', resourceGroup().location, '/managedApis/azuremonitorlogs')]"
                            },
                            "azuresentinel_1": {
                                "connectionId": "[resourceId('Microsoft.Web/connections', parameters('connections_azuresentinel_3_externalid'))]",
                                "connectionName": "azuresentinel",
                                "id": "[concat('/subscriptions/', subscription().subscriptionId, '/providers/Microsoft.Web/locations/', resourceGroup().location, '/managedApis/azuresentinel')]"
                            },
                            "office365_1": {
                                "connectionId": "[resourceId('Microsoft.Web/connections', parameters('connections_office365_2_externalid'))]",
                                "connectionName": "office365",
                                "id": "[concat('/subscriptions/', subscription().subscriptionId, '/providers/Microsoft.Web/locations/', resourceGroup().location, '/managedApis/office365')]"
                            }
                        }
                    }
                }
            }
        }
    ]
}