﻿{
    "$schema": "https://schema.management.azure.com/schemas/2015-01-01/deploymentTemplate.json#",
    "contentVersion": "1.0.0.0",
    "parameters": {
        "workflows_TeamsCollaboration_name": {
            "defaultValue": "TeamsCollaboration",
            "type": "String"
        },
        "connections_azuremonitorlogs_1_externalid": {
                "defaultValue": "azuremonitorlogs-1",
          	"type": "String"
        },
            "SentinelWorkspace": {
            "defaultValue": "PROVIDEyourSentinelWorkspace",
            "type": "String"
        },
        "connections_azuresentinel_3_externalid": {
            "defaultValue": "azuresentinel",
            "type": "String"
        },
        "connections_teams_1_externalid": {
            "defaultValue": "Teams-1",
            "type": "String"
        }
    },
    "variables": {},
    "resources": [
{
      "type": "Microsoft.Web/connections",
      "apiVersion": "2016-06-01",
      "name": "[parameters('connections_azuremonitorlogs_1_externalid')]",
      "location": "[resourceGroup().location]",
      "properties": {
        "displayName": "username",
        "customParameterValues": {},
        "api": {
          "id": "[concat('/subscriptions/', subscription().subscriptionId, '/providers/Microsoft.Web/locations/', resourceGroup().location, '/managedApis/azuremonitorlogs')]"
                  
        }
      }
    },

{
      "type": "Microsoft.Web/connections",
      "apiVersion": "2016-06-01",
      "name": "[parameters('connections_azuresentinel_3_externalid')]",
      "location": "[resourceGroup().location]",
      "properties": {
        "displayName": "username",
        "customParameterValues": {},
        "api": {
          "id": "[concat('/subscriptions/', subscription().subscriptionId, '/providers/Microsoft.Web/locations/', resourceGroup().location, '/managedApis/azuresentinel')]"
                  
        }
      }
    },
{
      "type": "Microsoft.Web/connections",
      "apiVersion": "2016-06-01",
      "name": "[parameters('connections_teams_1_externalid')]",
      "location": "[resourceGroup().location]",
      "properties": {
        "displayName": "username",
        "customParameterValues": {},
        "api": {
          "id": "[concat('/subscriptions/', subscription().subscriptionId, '/providers/Microsoft.Web/locations/', resourceGroup().location, '/managedApis/teams')]"
                  
        }
      }
    },

        {
            "type": "Microsoft.Logic/workflows",
            "apiVersion": "2017-07-01",
            "name": "[parameters('workflows_TeamsCollaboration_name')]",
            "location": "[resourceGroup().location]",
            "properties": {
                "state": "Enabled",
                "definition": {
                    "$schema": "https://schema.management.azure.com/providers/Microsoft.Logic/schemas/2016-06-01/workflowdefinition.json#",
                    "contentVersion": "1.0.0.0",
                    "parameters": {
                        "$connections": {
                            "defaultValue": {},
                            "type": "Object"
                        }
                    },
                    "triggers": {
                        "When_a_response_to_an_Azure_Sentinel_alert_is_triggered": {
                            "type": "ApiConnectionWebhook",
                            "inputs": {
                                "body": {
                                    "callback_url": "@{listCallbackUrl()}"
                                },
                                "host": {
                                    "connection": {
                                        "name": "@parameters('$connections')['azuresentinel']['connectionId']"
                                    }
                                },
                                "path": "/subscribe"
                            }
                        }
                    },
                    "actions": {
                        "Alert_-_Get_incident": {
                            "runAfter": {},
                            "type": "ApiConnection",
                            "inputs": {
                                "host": {
                                    "connection": {
                                        "name": "@parameters('$connections')['azuresentinel']['connectionId']"
                                    }
                                },
                                "method": "get",
                                "path": "/Cases/@{encodeURIComponent(triggerBody()?['SystemAlertId'])}/@{encodeURIComponent(triggerBody()?['WorkspaceSubscriptionId'])}/@{encodeURIComponent(triggerBody()?['WorkspaceId'])}/@{encodeURIComponent(triggerBody()?['WorkspaceResourceGroup'])}"
                            }
                        },
                        "Create_HTML_table": {
                            "runAfter": {
                                "Parsing_Incident_data": [
                                    "Succeeded"
                                ]
                            },
                            "type": "Table",
                            "inputs": {
                                "format": "HTML",
                                "from": "@body('Parsing_Incident_data')"
                            }
                        },
                        "For_each": {
                            "foreach": "@body('Parsing_Incident_data')",
                            "actions": {
                                "Post_a_message_(V3)": {
                                    "runAfter": {},
                                    "type": "ApiConnection",
                                    "inputs": {
                                        "body": {
                                            "body": {
                                                "content": "<p>This case pertains to <strong></strong><strong>@{items('For_each')['AccountCustomEntity']}</strong><strong></strong> who have shared information with <strong></strong><strong>@{items('For_each')['ExchangeMetaData_To_s']}</strong><strong>.<br>\n</strong><br>\nThe full email/document can be found here @{items('For_each')['linkoriginal']}. Please note that you need elevated permissions to reach this content.<br>\n<br>\nThe sensitive information detected contained @{items('For_each')['Detected']}.<br>\n<br>\nThe associated ticket is @{body('Alert_-_Get_incident')?['properties']?['CaseNumber']} @{body('Alert_-_Get_incident')?['properties']?['Title']}</p>",
                                                "contentType": "html"
                                            },
                                            "subject": "@{triggerBody()?['AlertDisplayName']}  "
                                        },
                                        "host": {
                                            "connection": {
                                                "name": "@parameters('$connections')['teams_1']['connectionId']"
                                            }
                                        },
                                        "method": "post",
                                        "path": "/v3/beta/teams/@{encodeURIComponent('3879c4aa-1054-4bb6-b236-c61bc92f8574')}/channels/@{encodeURIComponent('19:0d29842954e44f03841ba3347c7479c5@thread.tacv2')}/messages"
                                    }
                                }
                            },
                            "runAfter": {
                                "Create_HTML_table": [
                                    "Succeeded"
                                ]
                            },
                            "type": "Foreach"
                        },
                        "Parse_Incident": {
                            "runAfter": {
                                "Alert_-_Get_incident": [
                                    "Succeeded"
                                ]
                            },
                            "type": "ParseJson",
                            "inputs": {
                                "content": "@triggerBody()?['ExtendedProperties']",
                                "schema": {
                                    "Query": {
                                        "type": "string"
                                    }
                                }
                            }
                        },
                        "Parse_Query": {
                            "runAfter": {
                                "Parse_Incident": [
                                    "Succeeded"
                                ]
                            },
                            "type": "ParseJson",
                            "inputs": {
                                "content": "@body('Parse_Incident')",
                                "schema": {
                                    "properties": {
                                        "body": {
                                            "properties": {
                                                "Query": {
                                                    "type": "string"
                                                },
                                                "Query End Time UTC": {
                                                    "type": "string"
                                                },
                                                "Query Period": {
                                                    "type": "string"
                                                },
                                                "Query Results Aggregation Kind": {
                                                    "type": "string"
                                                },
                                                "Query Start Time UTC": {
                                                    "type": "string"
                                                },
                                                "Search Query Results Overall Count": {
                                                    "type": "string"
                                                },
                                                "Trigger Operator": {
                                                    "type": "string"
                                                },
                                                "Trigger Threshold": {
                                                    "type": "string"
                                                }
                                            },
                                            "type": "object"
                                        }
                                    },
                                    "type": "object"
                                }
                            }
                        },
                        "Parsing_Incident_data": {
                            "runAfter": {
                                "Run_Query_and_output_to_json": [
                                    "Succeeded"
                                ]
                            },
                            "type": "ParseJson",
                            "inputs": {
                                "content": "@body('Run_Query_and_output_to_json')?['value']",
                                "schema": {
                                    "items": {
                                        "properties": {
                                            "AccountCustomEntity": {
                                                "type": "string"
                                            },
                                            "Detected": {
                                                "type": "string"
                                            },
                                            "ExchangeMetaData_To_s": {
                                                "type": "string"
                                            },
                                            "TimeGenerated": {
                                                "type": "string"
                                            },
                                            "linkoriginal": {
                                                "type": "string"
                                            }
                                        },
                                        "required": [
                                            "AccountCustomEntity",
                                            "Detected",
                                            "linkoriginal",
                                            "ExchangeMetaData_To_s",
                                            "TimeGenerated"
                                        ],
                                        "type": "object"
                                    },
                                    "type": "array"
                                }
                            }
                        },
                        "Run_Query_and_output_to_json": {
                            "runAfter": {
                                "Parse_Query": [
                                    "Succeeded"
                                ]
                            },
                            "type": "ApiConnection",
                            "inputs": {
                                "body": "@{body('Parse_Query')?['Query']}| where TimeGenerated  between (datetime(\"@{body('Parse_Query')?['Query Start Time UTC']}\").. datetime(\"@{body('Parse_Query')?['Query End Time UTC']}\"))",
                                "host": {
                                    "connection": {
                                        "name": "@parameters('$connections')['azuremonitorlogs_1']['connectionId']"
                                    }
                                },
                                "method": "post",
                                "path": "/queryData",
                                "queries": {
                                     "resourcegroups": "[resourceGroup().name]",
                      		     "resourcename": "[parameters('SentinelWorkspace')]",
                       		     "resourcetype": "Log Analytics Workspace",
                       		     "subscriptions": "[subscription().subscriptionId]",
                                    "timerange": "@{body('Parse_Query')?['Query Start Time UTC']}..@{body('Parse_Query')?['Query End Time UTC']}"
                                }
                            }
                        }
                    },
                    "outputs": {}
                },
                "parameters": {
                    "$connections": {
                        "value": {
                            "azuremonitorlogs_1": {
                                "connectionId": "[resourceId('Microsoft.Web/connections', parameters('connections_azuremonitorlogs_1_externalid'))]",
                                "connectionName": "AzureMonitor",
                                "id": "[concat('/subscriptions/', subscription().subscriptionId, '/providers/Microsoft.Web/locations/', resourceGroup().location, '/managedApis/azuremonitorlogs')]"
                            },
                            "azuresentinel": {
                                "connectionId": "[resourceId('Microsoft.Web/connections', parameters('connections_azuresentinel_3_externalid'))]",
                                "connectionName": "azuresentinel",
                                "id": "[concat('/subscriptions/', subscription().subscriptionId, '/providers/Microsoft.Web/locations/', resourceGroup().location, '/managedApis/azuresentinel')]"
                            },
                            "teams_1": {
                                "connectionId": "[resourceId('Microsoft.Web/connections', parameters('connections_teams_1_externalid'))]",
                                "connectionName": "teams",
                                "id": "[concat('/subscriptions/', subscription().subscriptionId, '/providers/Microsoft.Web/locations/', resourceGroup().location, '/managedApis/teams')]"

                            }
                        }
                    }
                }
            }
        }
    ]
}