{
    "$schema": "https://schema.management.azure.com/schemas/2015-01-01/deploymentTemplate.json#",
    "contentVersion": "1.0.0.0",
    "parameters": {
        "workflows_ScheduledReport_name": {
            "defaultValue": "ScheduledReport",
            "type": "String"
        },
        "connections_azuremonitorlogs_1_externalid": {
            "defaultValue": "azuremonitorlogs",
            "type": "String"
        },
        "SentinelWorkspace": {
            "defaultValue": "PROVIDEyourSentinelWorkspace",
            "type": "String"
        },
        "connections_office365_externalid": {
            "defaultValue": "office365",
            "type": "String"
        }
    },
    "variables": {},
    "resources": [
        {
            "type": "Microsoft.Logic/workflows",
            "apiVersion": "2017-07-01",
            "name": "[parameters('workflows_ScheduledReport_name')]",
            "location": "[resourceGroup().location]",
            "properties": {
                "state": "Enabled",
                "definition": {
                    "$schema": "https://schema.management.azure.com/providers/Microsoft.Logic/schemas/2016-06-01/workflowdefinition.json#",
                    "contentVersion": "1.0.0.0",
                    "parameters": {
                        "$connections": {
                            "defaultValue": {},
                            "type": "Object"
                        }
                    },
                    "triggers": {
                        "Recurrence": {
                            "recurrence": {
                                "frequency": "Week",
                                "interval": 1,
                                "schedule": {
                                    "weekDays": [
                                        "Friday"
                                    ]
                                }
                            },
                            "type": "Recurrence"
                        }
                    },
                    "actions": {
                        "For_each": {
                            "foreach": "@body('Parse_JSON')",
                            "actions": {
                                "Run_query_and_visualize_results": {
                                    "runAfter": {},
                                    "type": "ApiConnection",
                                    "inputs": {
                                        "body": "O365DLP_CL\n| where manager_s == '@{items('For_each')?['manager_s']}'\n| extend PolicyName_ = tostring(parse_json(PolicyDetails_s)[0].PolicyName)\n| extend 0_ = tostring(parse_json(tostring(parse_json(tostring(parse_json(PolicyDetails_s)[0].Rules))[0].Actions)))\n| extend ActionParameters_ = tostring(parse_json(tostring(parse_json(tostring(parse_json(PolicyDetails_s)[0].Rules))[0].ActionParameters)))\n| project CreationTime_t,ExchangeMetaData_From_s,PolicyName_,department_s,SharePointMetaData_FilePathUrl_s,ActionParameters_,0_",
                                        "host": {
                                            "connection": {
                                                "name": "@parameters('$connections')['azuremonitorlogs_1']['connectionId']"
                                            }
                                        },
                                        "method": "post",
                                        "path": "/visualizeQuery",
                                        "queries": {
                                    		"resourcegroups": "[resourceGroup().name]",
                                    		"resourcename": "[parameters('SentinelWorkspace')]",
                                    		"resourcetype": "Log Analytics Workspace",
                                    		"subscriptions": "[subscription().subscriptionId]",
                                            	"timerange": "1..2",
                                            	"visType": "Html Table"
                                        }
                                    }
                                },
                                "Send_an_email_(V2)": {
                                    "runAfter": {
                                        "Run_query_and_visualize_results": [
                                            "Succeeded"
                                        ]
                                    },
                                    "type": "ApiConnection",
                                    "inputs": {
                                        "body": {
                                            "Attachments": [
                                                {
                                                    "ContentBytes": "@{body('Run_query_and_visualize_results')?['attachmentContent']}",
                                                    "Name": "@body('Run_query_and_visualize_results')?['attachmentName']"
                                                }
                                            ],
                                            "Body": "<p>Hi, the past month your team have made @{items('For_each')?['count_']} policy violations. To see the details please view the enclosed report.</p>",
                                            "Subject": "Report on DLP violations",
                                            "To": "@{items('For_each')?['manager_s']}"
                                        },
                                        "host": {
                                            "connection": {
                                                "name": "@parameters('$connections')['office365_1']['connectionId']"
                                            }
                                        },
                                        "method": "post",
                                        "path": "/v2/Mail"
                                    }
                                }
                            },
                            "runAfter": {
                                "Parse_JSON": [
                                    "Succeeded"
                                ]
                            },
                            "type": "Foreach"
                        },
                        "Parse_JSON": {
                            "runAfter": {
                                "Run_query_and_list_results": [
                                    "Succeeded"
                                ]
                            },
                            "type": "ParseJson",
                            "inputs": {
                                "content": "@body('Run_query_and_list_results')?['value']",
                                "schema": {
                                    "items": {
                                        "properties": {
                                            "count_": {
                                                "type": "integer"
                                            },
                                            "manager_s": {
                                                "type": "string"
                                            }
                                        },
                                        "required": [
                                            "manager_s",
                                            "count_"
                                        ],
                                        "type": "object"
                                    },
                                    "type": "array"
                                }
                            }
                        },
                        "Run_query_and_list_results": {
                            "runAfter": {},
                            "type": "ApiConnection",
                            "inputs": {
                                "body": "O365DLP_CL\n| summarize count() by manager_s\n| extend manager_s",
                                "host": {
                                    "connection": {
                                        "name": "@parameters('$connections')['azuremonitorlogs_1']['connectionId']"
                                    }
                                },
                                "method": "post",
                                "path": "/queryData",
                                "queries": {
                                    "resourcegroups": "[resourceGroup().name]",
                                    "resourcename": "[parameters('SentinelWorkspace')]",
                                    "resourcetype": "Log Analytics Workspace",
                                    "subscriptions": "[subscription().subscriptionId]",
                                    "timerange": "Last 7 days"
                                }
                            }
                        }
                    },
                    "outputs": {}
                },
                "parameters": {
                    "$connections": {
                        "value": {
                            "azuremonitorlogs_1": {
                                "connectionId": "[resourceId('Microsoft.Web/connections', parameters('connections_azuremonitorlogs_1_externalid'))]",
                                "connectionName": "AzureMonitor",
                                "id": "[concat('/subscriptions/', subscription().subscriptionId, '/providers/Microsoft.Web/locations/', resourceGroup().location, '/managedApis/azuremonitorlogs')]"
                            },
                            "office365_1": {
                                "connectionId": "[resourceId('Microsoft.Web/connections', parameters('connections_office365_externalid'))]",
                                "connectionName": "office365",
                                "id": "[concat('/subscriptions/', subscription().subscriptionId, '/providers/Microsoft.Web/locations/', resourceGroup().location, '/managedApis/office365')]"
                            }
                        }
                    }
                }
            }
        }
    ]
}